Biển số,Thời gian
5b790310_B0F9370.jpg,2025-05-20 23:55:00,B0F9370,Vào
13898dc9_B0F93705.jpg,2025-05-20 23:55:31,B0F93705,Vào
235706f0_B0F93705.jpg,2025-05-20 23:55:37,B0F93705,Ra
ff200dbd_30F9370.jpg,2025-05-20 23:55:46,30F9370,Vào
ad54a1f2_30F9370.jpg,2025-05-20 23:55:57,30F9370,Ra
22adaa3c_30F9370.jpg,2025-05-21 00:20:15,30F9370,Vào
5840fcd1_30F93705.jpg,2025-05-21 00:20:43,30F93705,Vào
ec1b0bcd_30F93705.jpg,2025-05-21 00:20:48,30F93705,Ra
0d3437d0_20412894.jpg,2025-05-21 00:29:55,20412894,Vào
1829155a_20A12896.jpg,2025-05-21 00:30:11,20A12896,Vào
4bd415c8_20A12894.jpg,2025-05-21 00:30:15,20A12894,Vào
3849e966_20A12894.jpg,2025-05-21 00:30:22,20A12894,Ra
e3c4d41e_604*99999.jpg,2025-05-21 10:01:09,604*99999,Vào
555d7aaa_60A99999.jpg,2025-05-21 10:01:19,60A99999,Vào
5f14e886_60A99999.jpg,2025-05-21 10:01:38,60A99999,Ra
63ed2b52_30F93705.jpg,2025-05-21 11:12:57,30F93705,Vào
f8dac93d_30F93705.jpg,2025-05-21 11:13:07,30F93705,Ra
c7871dcf_30F9370.jpg,2025-05-21 11:20:38,30F9370,Vào
dbc276ef_30F93705.jpg,2025-05-21 11:20:48,30F93705,Vào
88f99de2_30F93705.jpg,2025-05-21 11:21:09,30F93705,Ra
fdeafcbe_0A12894.jpg,2025-05-21 11:26:10,0A12894,Vào
abb5396c_0A12894.jpg,2025-05-21 11:26:24,0A12894,Ra
d75cfde0_20A12894.jpg,2025-05-21 11:26:45,20A12894,Vào
672de2e1_20412894.jpg,2025-05-21 11:27:06,20412894,Ra
cc7f9a94_20A12894.jpg,2025-05-21 11:27:43,20A12894,Ra
d5fb9804_80E9211.jpg,2025-05-21 11:37:31,80E9211,Vào
f468022d_80E9211.jpg,2025-05-21 11:37:46,80E9211,Ra
be86949d_20412896.jpg,2025-05-21 11:38:01,20412896,Vào
7e036967_20412896.jpg,2025-05-21 11:38:06,20412896,Ra
b5054d9c_20412894.jpg,2025-05-21 11:38:13,20412894,Vào
3c787c06_20412894.jpg,2025-05-21 11:38:19,20412894,Ra
56548e80_30F93705.jpg,2025-05-21 11:38:36,30F93705,Vào
d8f1e97f_B0F9370.jpg,2025-05-21 11:38:44,B0F9370,Ra
22921ac4_30F93705.jpg,2025-05-21 11:38:59,30F93705,Ra
1b8092f0_160A99999.jpg,2025-05-21 13:36:00,160A99999,Vào
2babee6c_260A*99999.jpg,2025-05-21 13:37:43,260A*99999,Vào
1b3ceef8_60A9999.jpg,2025-05-21 13:37:53,60A9999,Vào
32dc54bf_60A99999.jpg,2025-05-21 13:38:19,60A99999,Vào
2c2d758d_160A99999.jpg,2025-05-21 13:38:23,160A99999,Ra
4c30d9cd_60A99999.jpg,2025-05-21 13:38:48,60A99999,Ra
5ed3668b_30F93705.jpg,2025-05-21 13:39:37,30F93705,Vào
30d98454_30F93705.jpg,2025-05-21 13:39:42,30F93705,Ra
c99c0ef8_30F93705.jpg,2025-05-21 13:40:21,30F93705,Vào
4728d7f7_30F93705.jpg,2025-05-21 13:41:16,30F93705,Ra
ab7fdce3_30F93705.jpg,2025-05-21 13:45:42,30F93705,Vào
cb99617b_30F93705.jpg,2025-05-21 13:47:14,30F93705,Ra
2d9f1845_60499999.jpg,2025-05-21 14:28:29,60499999,Vào
"bf257609_30F55775,.jpg",2025-05-28 11:26:25,"30F55775,",Vào
"9a8eb160_20F55715,.jpg",2025-05-28 11:26:27,"20F55715,",Vào
"fce26d89_30F55775,.jpg",2025-05-28 11:26:43,"30F55775,",Ra
62acf73f_B0F93705.jpg,2025-05-28 11:27:35,B0F93705,Vào
26546cd2_EF97022.jpg,2025-05-28 11:28:17,EF97022,Vào
5740e6e3_260A99999.jpg,2025-05-28 11:28:48,260A99999,Vào
3ffb68a8_80F9370.jpg,2025-05-28 11:29:19,80F9370,Vào
a6513e74_B0F93705.jpg,2025-05-28 11:29:29,B0F93705,Ra
6e544414_60A99999.jpg,2025-05-28 12:02:20,60A99999,Vào
cb4e9bf9_60A99999.jpg,2025-05-28 12:02:35,60A99999,Ra
f6321cf7_EG0A99999.jpg,2025-05-28 12:19:08,EG0A99999,Vào
2ec6b17f_560A99999.jpg,2025-05-28 12:19:13,560A99999,Vào
b7abc1b4_2604*99999.jpg,2025-05-28 12:19:49,2604*99999,Vào
08114ef9_E60A99999.jpg,2025-05-28 12:20:13,E60A99999,Vào
dce00695_160A*99999.jpg,2025-05-28 12:21:17,160A*99999,Vào
bdb73a41_60A*99999.jpg,2025-05-28 12:21:21,60A*99999,Vào
3af1eb35_1604*99999.jpg,2025-05-28 12:21:29,1604*99999,Vào
"77b5b2af_604,99999.jpg",2025-05-28 12:26:38,"604,99999",Vào
5078ecda_604899999.jpg,2025-05-28 12:28:54,604899999,Vào
66559d5f_60499999.jpg,2025-05-28 12:29:07,60499999,Ra
55887e9a_604999.jpg,2025-05-28 12:29:18,604999,Vào
c832b3d0_60499999.jpg,2025-05-28 12:29:20,60499999,Vào
3c95a6e3_604*99999.jpg,2025-05-28 12:29:41,604*99999,Ra
fa344ccb_604399999.jpg,2025-05-28 12:30:41,604399999,Vào
aef15691_60499999.jpg,2025-05-28 12:30:44,60499999,Vào
a94e2b88_E60A;99999.jpg,2025-05-28 12:31:00,E60A;99999,Vào
69dfa769_60A:9999.jpg,2025-05-28 12:31:04,60A:9999,Vào
